name,upc,stock,price,review_rating,review_num
A Light in the Attic,a897fe39b1053632,22,£51.77,3,0
"Our Band Could Be Your Life: Scenes from the American Indie Underground, 1981-1991",eda3e61b9514b83,19,£57.25,3,0
Olio,feb7cc7701ecf901,19,£23.88,1,0
Scott Pilgrim's Precious Little Life (Scott Pilgrim #1),3b1c02bac2a429e6,19,£52.29,5,0
Mesaerion: The Best Science Fiction Stories 1800-1849,e30f54cea9b38190,19,£37.59,1,0
It's Only the Himalayas,a22124811bfa8350,19,£45.17,2,0
Rip it Up and Start Again,a34ba96d4081e6a4,19,£35.02,5,0
Libertarianism for Beginners,a18a4f574854ace,19,£51.33,2,0
Shakespeare's Sonnets,30a7f60cd76ca58c,19,£20.66,4,0
"Starving Hearts (Triangular Trade Trilogy, #1)",0312262ecafa5a40,19,£13.99,2,0
The Requiem Red,f77dbf2323deb740,19,£22.65,1,0
The Black Maria,1dfe412b8ac00530,19,£52.15,1,0
The Dirty Little Secrets of Getting Your Dream Job,2597b5a345f45e1b,19,£33.34,4,0
The Boys in the Boat: Nine Americans and Their Epic Quest for Gold at the 1936 Berlin Olympics,e10e1e165dc8be4a,19,£22.60,4,0
"The Coming Woman: A Novel Based on the Life of the Infamous Feminist, Victoria Woodhull",e72a5dfc7e9267b2,19,£17.93,3,0
Set Me Free,ce6396b0f23f6ecc,19,£17.46,5,0
Sapiens: A Brief History of Humankind,4165285e1663650f,20,£54.23,5,0
Sharp Objects,e00eb4fd7b871a48,20,£47.82,4,0
Tipping the Velvet,90fa61229261140a,20,£53.74,1,0
In Her Wake,23356462d1320d61,19,£12.84,1,0
Soumission,6957f44c3847a760,20,£50.10,1,0
You can't bury them all: Poems,55f9da0c5eea2e10,17,£33.63,2,0
Behind Closed Doors,be5cc846f45496fb,18,£52.22,4,0
"In a Dark, Dark Wood",19ed25f4641d5ef,18,£19.63,1,0
Maude (1883-1993):She Grew Up with the country,094b269567e1c300,18,£18.02,2,0
Penny Maybe,668fe56b17cfcd4f,18,£33.29,3,0
Sophie's World,6be3beb0793a53e7,18,£15.94,5,0
The Bear and the Piano,9f6568e9c95f60b0,18,£36.89,1,0
The Elephant Tree,5dada2b7be26bd03,18,£23.82,5,0
The Five Love Languages: How to Express Heartfelt Commitment to Your Mate,3c039985229453bf,18,£31.05,3,0
The Four Agreements: A Practical Guide to Personal Freedom,6258a1f6a6dcfe50,18,£17.66,5,0
Wall and Piece,ccd9ffa25efabdea,18,£44.18,4,0
Aladdin and His Wonderful Lamp,904208d6aa64b655,19,£53.13,3,0
Worlds Elsewhere: Journeys Around Shakespeare’s Globe,4c28def39d850cdf,18,£40.30,5,0
Birdsong: A Story in Pictures,9528d0948525bf5f,19,£54.64,3,0
Black Dust,00bfed9e18bb36f3,19,£34.53,5,0
America's Cradle of Quarterbacks: Western Pennsylvania's Football Factory from Johnny Unitas to Joe Montana,c7d160c2c0de586f,19,£22.50,3,0
Chase Me (Paris Nights #2),c2e46a2ee3b4a322,19,£25.27,5,0
"Foolproof Preserving: A Guide to Small Batch Jams, Jellies, Pickles, Condiments, and More: A Foolproof Guide to Making Small Batch Jams, Jellies, Pickles, Condiments, and More",5674a18a29a43ce,19,£30.52,3,0
Slow States of Collapse: Poems,b4fd5943413e089a,17,£57.31,3,0
The Past Never Ends,5ee94540d0749ea0,16,£56.50,4,0
The Torch Is Passed: A Harding Family Story,4eed62cf5f8d8edf,16,£19.09,1,0
Thirst,709822d0b5bcb7f4,16,£17.27,5,0
"The Pioneer Woman Cooks: Dinnertime: Comfort Classics, Freezer Food, 16-Minute Meals, and Other Delicious Ways to Solve Supper!",142d767a56a9254,16,£56.41,1,0
This One Summer,51653ef291ab7ddc,16,£19.49,4,0
Throwing Rocks at the Google Bus: How Growth Became the Enemy of Prosperity,7858914fad68493c,16,£31.12,3,0
"Unbound: How Eight Technologies Made Us Human, Transformed Society, and Brought Our World to the Brink",9a9d6e9bc555731e,16,£25.52,1,0
Unicorn Tracks,7ae099f3898e0209,16,£18.78,3,0
"Unseen City: The Majesty of Pigeons, the Discreet Charm of Snails & Other Wonders of the Urban Wilderness",170b5a0da46380e,16,£44.18,4,0
Tsubasa: WoRLD CHRoNiCLE 2 (Tsubasa WoRLD CHRoNiCLE #2),09555be379ad9253,16,£16.28,1,0
Untitled Collection: Sabbath Poems 2014,657fe5ead67a7767,16,£14.27,4,0
"We Love You, Charlie Freeman",8d455c7539795d2a,16,£50.27,5,0
Without Borders (Wanderlove #1),acddfeab2a407640,16,£45.07,2,0
Private Paris (Private #10),b12b89017878a60,17,£47.61,5,0
#HigherSelfie: Wake Up Your Life. Free Your Soul. Find Your Tribe.,c27f6e1f185b0383,17,£23.11,5,0
When We Collided,3ecb690d1542c568,16,£31.77,1,0
Reasons to Stay Alive,c8f7f0cb1abb9cac,17,£26.41,2,0
How Music Works,327f68a59745c102,19,£37.32,2,0
"Saga, Volume 5 (Saga (Collected Editions) #5)",53a3d11bb568cc8b,16,£51.04,2,0
Reskilling America: Learning to Labor in the Twenty-First Century,7310206583a54b6,16,£19.83,2,0
"Rat Queens, Vol. 3: Demons (Rat Queens (Collected Editions) #11-15)",c82a3e358c773c73,16,£50.40,3,0
"Saga, Volume 6 (Saga (Collected Editions) #6)",c849f0b2f5d6a742,16,£25.02,3,0
Security,6f78a0d744c35456,16,£39.25,2,0
The Natural History of Us (The Fine Art of Pretending #2),cedf82b5086e4691,16,£45.22,3,0
Soul Reader,e6af5bf1163c1151,16,£39.58,2,0
Spark Joy: An Illustrated Master Class on the Art of Organizing and Tidying Up,87b0615b6e1f4d7b,16,£41.83,4,0
The Activist's Tao Te Ching: Ancient Advice for a Modern Revolution,7d6d2a6c0276f81b,16,£32.24,5,0
The Secret of Dreadwillow Carse,b5ea0b5dabed25a8,16,£56.13,1,0
The Age of Genius: The Seventeenth Century and the Birth of the Modern Mind,a3d2a4250807f1e9,16,£19.73,1,0
"The Bulletproof Diet: Lose up to a Pound a Day, Reclaim Energy and Focus, Upgrade Your Life",43c6a960757cf559,16,£49.05,3,0
The Art Forger,80cfab6bcff3a244,16,£40.76,3,0
The Death of Humanity: and the Case for Life,bd261725b99f5983,16,£58.11,4,0
The Gutsy Girl: Escapades for Your Life of Epic Adventure,acd86a5426e21ca0,16,£37.13,1,0
"The Inefficiency Assassin: Time Management Tactics for Working Smarter, Not Longer",8c9e6bf2467d740,16,£20.59,5,0
The Electric Pencil: Drawings from Inside State Hospital No. 3,a30b270e25489e5c,16,£56.06,1,0
"The Mindfulness and Acceptance Workbook for Anxiety: A Guide to Breaking Free from Anxiety, Phobias, and Worry Using Acceptance and Commitment Therapy",31075275518532d7,16,£23.89,4,0
In the Country We Love: My Family Divided,b136b1b180ca753a,16,£22.00,4,0
Lumberjanes Vol. 3: A Terrible Plan (Lumberjanes #9-12),57e5a4d515c8ce44,16,£19.92,2,0
The Life-Changing Magic of Tidying Up: The Japanese Art of Decluttering and Organizing,0da9aa9d24677fc0,16,£16.77,3,0
Judo: Seven Steps to Black Belt (an Introductory Guide for Beginners),228f74b74f3a08ae,16,£53.90,2,0
"Layered: Baking, Building, and Styling Spectacular Cakes",7b75cc7f223791f4,16,£40.11,1,0
"Lumberjanes, Vol. 1: Beware the Kitten Holy (Lumberjanes #1-4)",b6ee99bcf06fc91f,16,£45.61,3,0
"Lumberjanes, Vol. 2: Friendship to the Max (Lumberjanes #5-8)",460089f796fb3f82,16,£46.91,2,0
Masks and Shadows,fa9610a50a1bf149,16,£56.40,2,0
My Paris Kitchen: Recipes and Stories,784bc2279baa878,16,£33.37,2,0
Obsidian (Lux #1),3c346ab1e76ae1f6,16,£14.86,2,0
On a Midnight Clear,b757c0c361e689ce,16,£14.07,3,0
Online Marketing for Busy Authors: A Step-By-Step Guide,9ffa38d3b832433a,16,£46.35,1,0
orange: The Complete Collection 1 (orange: The Complete Collection #1),11809b1d323b3057,16,£48.41,1,0
"Outcast, Vol. 1: A Darkness Surrounds Him (Outcast #1)",889139b8e9c4cb36,16,£15.44,4,0
Patience,9429b4d59c537af5,16,£10.16,3,0
"Political Suicide: Missteps, Peccadilloes, Bad Calls, Backroom Hijinx, Sordid Pasts, Rotten Breaks, and Just Plain Dumb Mistakes in the Annals of American Politics",7392c0032f92d816,16,£36.28,2,0
Join,18ad3ed896c7ce05,16,£35.67,5,0
"Pop Gun War, Volume 1: Gift",e80f8e518b300dfe,16,£18.97,1,0
Princess Between Worlds (Wide-Awake Princess #5),0e691eda369f4e09,16,£13.34,5,0
"Princess Jellyfish 2-in-1 Omnibus, Vol. 01 (Princess Jellyfish 2-in-1 Omnibus #1)",0fa6dceead7ce47a,16,£13.61,5,0
The Most Perfect Thing: Inside (and Outside) a Bird's Egg,aadee1c326d286e3,16,£42.96,4,0
"Avatar: The Last Airbender: Smoke and Shadow, Part 3 (Smoke and Shadow #3)",6d5300b2d8f37e07,16,£28.09,2,0
Bossypants,74baabfc8fd84b38,16,£49.46,2,0
"Bitch Planet, Vol. 1: Extraordinary Machine (Bitch Planet (Collected Editions))",bdf415fd484ea8a7,16,£37.92,2,0
Burning,5ceb951f629700a2,16,£28.81,3,0
Call the Nurse: True Stories of a Country Nurse on a Scottish Isle,bee3672891cca906,16,£29.14,5,0
"Mama Tried: Traditional Italian Cooking for the Screwed, Crude, Vegan, and Tattooed",72f9d5be3472d34e,16,£14.02,4,0
Camp Midnight,7b599c8bfcdd8d30,16,£17.08,4,0
Danganronpa Volume 1,09b6cc87e62c2c58,16,£51.99,4,0
Everydata: The Misinformation Hidden in the Little Data You Consume Every Day,311c0dd0e354a33e,16,£54.35,2,0
First and First (Five Boroughs #3),9e28048cea8d41f7,16,£15.97,4,0
Fifty Shades Darker (Fifty Shades #2),7add3f8e49ec0826,16,£21.96,1,0
Forever and Forever: The Courtship of Henry Longfellow and Fanny Appleton,9beb96a2300109d7,16,£29.69,3,0
Her Backup Boyfriend (The Sorensen Family #1),2a97cffe61c3c4c7,16,£33.97,1,0
"Giant Days, Vol. 2 (Giant Days #5-8)",f2df3bb043a8abb0,16,£22.11,2,0
How to Be Miserable: 40 Strategies You Already Use,a6f99b9e687f9d46,16,£46.03,1,0
I am a Hero Omnibus Volume 1,1c89ae5bb804e4de,16,£54.63,3,0
"I Hate Fairyland, Vol. 1: Madly Ever After (I Hate Fairyland (Compilations) #1-5)",8d4eefad7a2b3915,16,£29.17,2,0
"Codename Baboushka, Volume 1: The Conclave of Death",8754c83ab2a7ae71,16,£36.72,4,0
The Stranger,f5a92cff83897d48,15,£17.44,4,0
The Third Wave: An Entrepreneur’s Vision of the Future,3bebf34ee9330cb,15,£12.61,5,0
The White Cat and the Monk: A Retelling of the Poem “Pangur Bán”,37c0cb19713d8dda,15,£58.08,4,0
The Vacationers,fd3a622648667296,15,£42.15,4,0
The Wedding Dress,623e1a180426039b,15,£24.12,1,0
Thirteen Reasons Why,bc2a85fd35fdc7b,15,£52.72,1,0
Thomas Jefferson and the Tripoli Pirates: The Forgotten War That Changed American History,e3f25248ba0789f,15,£59.64,1,0
"William Shakespeare's Star Wars: Verily, A New Hope (William Shakespeare's Star Wars #4)",9270575728a13a61,15,£43.30,4,0
Throne of Glass (Throne of Glass #1),590a9cccf7db9f7,15,£35.07,3,0
Tracing Numbers on a Train,7d6d50c1e3d0b81,15,£41.60,3,0
Tuesday Nights in 1980,b8736690cf263a3c,15,£21.04,2,0
Crown of Midnight (Throne of Glass #2),7267864328ae8b9,16,£43.29,3,0
A Court of Thorns and Roses (A Court of Thorns and Roses #1),01d2001ac1e6f8a3,16,£52.37,1,0
A Fierce and Subtle Poison,842790dfaa937484,16,£28.13,4,0
(Un)Qualified: How God Uses Broken People to Do Big Things,e4ac92d89b946781,16,£54.00,5,0
The Emerald Mystery,6670dfe3e7b42b,15,£23.15,2,0
The Genius of Birds,42d0d7c92b75fc1c,15,£17.24,1,0
The Girl on the Train,e956d67c9bcc5809,15,£55.02,2,0
The Cookies & Cups Cookbook: 125+ sweet & savory recipes reminding you to Always Eat Dessert First,96a38e7c813d8f1,15,£41.25,1,0
The House by the Lake,9287e238d7c3b06e,15,£36.95,1,0
The Kite Runner,eac1a180047ad54e,15,£41.82,4,0
The Long Shadow of Small Ghosts: Murder and Memory in an American City,abeafe151a587d3b,15,£10.97,1,0
The Love and Lemons Cookbook: An Apple-to-Zucchini Celebration of Impromptu Cooking,e28e330cbdf01126,15,£37.60,2,0
The Glittering Court (The Glittering Court #1),2dbb7ec08cdd7f3c,15,£44.28,1,0
The Shadow Hero (The Shadow Hero),6361d16212664e,15,£33.14,1,0
The Matchmaker's Playbook (Wingmen Inc. #1),08db62f24627e71f,15,£55.85,1,0
"Don't Be a Jerk: And Other Practical Advice from Dogen, Japan's Greatest Zen Master",fce19f9b4a943f22,16,£37.97,2,0
The Mistake (Off-Campus #2),99ff4cc6491e8f5c,15,£43.29,3,0
You Are What You Love: The Spiritual Power of Habit,796c87ddbbaaf8c5,15,£21.87,4,0
The Murder of Roger Ackroyd (Hercule Poirot #4),c7b5183f4d1d4efe,15,£44.10,4,0
The Nerdy Nummies Cookbook: Sweet Treats for the Geek in All of Us,e4c7f3487d17fd42,15,£37.34,5,0
Mrs. Houdini,a40723994f715420,15,£30.25,5,0
Night Sky with Exit Wounds,cfeb1e1e0e695b58,15,£41.05,1,0
Poems That Make Grown Women Cry,31001a1210623bd4,15,£14.19,4,0
Poses for Artists Volume 1 - Dynamic and Sitting Poses: An Essential Reference for Figure Drawing and the Human Form,9c643fa1fc57bdb,15,£41.06,1,0
Redeeming Love,b53db2271c9624f7,15,£20.47,5,0
Romero and Juliet: A Tragic Tale of Love and Zombies,e656e280bc8edd56,15,£36.94,1,0
Scarlett Epstein Hates It Here,1c929cfd16b71907,15,£43.55,5,0
"Nightingale, Sing",50b8f80311b31ede,15,£38.28,1,0
Secrets and Lace (Fatal Hearts #1),ad04ad9fc179fc5,15,£20.27,1,0
"Shobu Samurai, Project Aryoku (#3)",0c27e6c3744fc14b,15,£29.06,3,0
Shoe Dog: A Memoir by the Creator of NIKE,0e0dcc3339602b28,15,£23.99,2,0
So You've Been Publicly Shamed,1b33663ad7b95fd8,15,£12.23,2,0
Soft Apocalypse,2a70769cdc6eb8b8,15,£26.12,2,0
Something More Than This,ca71e72655bece85,15,£16.24,4,0
Suddenly in Love (Lake Haven #1),203b7f94b7d6115f,15,£55.99,2,0
The 10% Entrepreneur: Live Your Startup Dream Without Quitting Your Day Job,56e4f9eab2e8e674,15,£27.55,3,0
Modern Romance,caf4fe9311f1dc59,15,£28.26,5,0
Frostbite (Vampire Academy #2),116a2fdc9a45bab0,15,£29.99,5,0
Doing It Over (Most Likely To #1),3a11bb962ff45b78,15,£35.61,3,0
Done Rubbed Out (Reightman & Bailey #1),f6d967cdadc6fbd9,15,£37.72,5,0
"Fables, Vol. 1: Legends in Exile (Fables #1)",65d034adf80834b7,15,£41.62,4,0
Eureka Trivia 6.0,29c0025455f8c585,15,£54.59,4,0
Finders Keepers (Bill Hodges Trilogy #2),edb3097e71330040,15,£53.53,5,0
First Steps for New Christians (Print Edition),2f88b08bf0a0e367,15,£29.00,1,0
Follow You Home,8585760646e3aa2a,15,£21.36,1,0
Full Moon over Noah’s Ark: An Odyssey to Mount Ararat and Beyond,ce60436f52c5ee68,15,£49.43,4,0
Grumbles,163dd6c352fbcd2,15,£22.16,2,0
Hollow City (Miss Peregrine’s Peculiar Children #2),4ce91d31c1e57c33,15,£42.98,1,0
I Had a Nice Time And Other Lies...: How to find love & sh*t like that,fd8585283fc7d2d7,15,£57.36,4,0
Large Print Heart of the Pride,c1afd71fc86bf682,15,£19.15,2,0
Library of Souls (Miss Peregrine’s Peculiar Children #3),ba54932df84e8cea,15,£48.56,5,0
Little Red,4aa03792b50f0b22,15,£13.47,3,0
Louisa: The Extraordinary Life of Mrs. Adams,69dd8dac66f9f84,15,£16.85,2,0
Why the Right Went Wrong: Conservatism--From Goldwater to the Tea Party and Beyond,2b5054a4192e9b06,14,£52.65,4,0
Miss Peregrine’s Home for Peculiar Children (Miss Peregrine’s Peculiar Children #1),af96613fdd793a3c,15,£10.76,1,0
Wild Swans,3fb15ace50d6142b,14,£14.36,2,0
"Wonder Woman: Earth One, Volume One (Wonder Woman: Earth One #1)",047097293bb4d1c0,14,£37.34,4,0
You (You #1),024387ca4cafd5cc,14,£43.61,5,0
"Deliciously Ella Every Day: Quick and Easy Recipes for Gluten-Free Snacks, Packed Lunches, and Simple Meals",46c1530d7546ea6,15,£42.16,3,0
Agnostic: A Spirited Manifesto,195e7f4ed697350,15,£12.51,5,0
Zealot: The Life and Times of Jesus of Nazareth,5bfa6cc2c0ecc3,14,£24.70,3,0
Amatus,ffd54178acc9a6a5,15,£50.54,5,0
Drive: The Surprising Truth About What Motivates Us,6ffb36aaeff1c81e,15,£34.95,4,0
Amid the Chaos,bb8245f52c7cce8f,15,£36.58,1,0
Amy Meets the Saints and Sages,7ebfa6c1bee69e1e,15,£18.46,3,0
Anonymous,24b829be2ca81c4,15,£46.82,4,0
Ayumi's Violin,05f7c6d9a4e582d3,15,£15.48,2,0
Batman: The Long Halloween (Batman),7edc0527cf782e19,15,£36.50,2,0
Big Magic: Creative Living Beyond Fear,1f329c2e7d7de8b,15,£30.80,3,0
Whole Lotta Creativity Going On: 60 Fun and Unusual Exercises to Awaken and Strengthen Your Creativity,44a10f1ac8ce822e,14,£38.20,4,0
Becoming Wise: An Inquiry into the Mystery and Art of Living,919e7cb2269a25d2,15,£27.43,2,0
The Rosie Project (Don Tillman #1),012094e90a4b908,14,£54.04,1,0
The Song of Achilles,e88fb1c9397cfb27,14,£37.40,5,0
The Songs of the Gods,00c4543ec6bd25b4,14,£44.48,5,0
The Star-Touched Queen,1528279aec1f3dce,14,£46.02,5,0
The Testament of Mary,081305e6df719dff,14,£52.67,4,0
The Wedding Pact (The O'Malleys #2),c5cb9f885d8b3621,14,£32.61,3,0
The Time Keeper,e9906e2f0d189745,14,£27.88,5,0
The White Queen (The Cousins' War #1),6875c5657661b2fb,14,£25.91,5,0
The Wright Brothers,08b2f71d93836313,14,£56.80,4,0
The Year of Magical Thinking,34c0d7c4ee5650af,14,£43.04,2,0
This Is Where It Ends,f0f38174a7e689a3,14,£27.12,2,0
Twenty Yawns,1d6443ffba9dfd80,14,£22.08,2,0
Through the Woods,6e44bcbeac7f4360,14,£25.38,2,0
"Unbroken: A World War II Story of Survival, Resilience, and Redemption",76c84daa539426e2,14,£45.95,2,0
V for Vendetta (V for Vendetta Complete),4a1debca3135ff37,14,£37.10,4,0
Walt Disney's Alice in Wonderland,6a31307a81e8f3a8,14,£12.96,5,0
"We Are Robin, Vol. 1: The Vigilante Business (We Are Robin #1)",92275cedf6d8ee15,14,£53.90,1,0
What's It Like in Space?: Stories from Astronauts Who've Been There,6fd646a334e6e133,14,£19.60,2,0
Until Friday Night (The Field Party #1),aba2db9afb1469c7,14,£46.31,2,0
Chasing Heaven: What Dying Taught Me About Living,513271dadc1322ae,15,£37.80,2,0
Close to You,a57b1dcbd6849222,15,£49.46,4,0
"Daring Greatly: How the Courage to Be Vulnerable Transforms the Way We Live, Love, Parent, and Lead",3b9a3b4624b7fd6,15,£19.43,3,0
Dark Notes,88c21fcd38e2486e,15,£19.19,5,0
The Argonauts,c99761a700ade23f,15,£10.93,2,0
The Art of War,e7469e22b5bfb3e7,15,£33.34,5,0
The Artist's Way: A Spiritual Path to Higher Creativity,047728de72ad62,15,£38.49,5,0
The Bridge to Consciousness: I'm Writing the Bridge Between Science and Our Old and New Beliefs.,efc3768127714ec3,15,£32.00,3,0
Take Me with You,2c04320e110a14a3,14,£45.21,3,0
Tastes Like Fear (DI Marnie Rome #3),2d1e337aaf341858,14,£10.69,1,0
Batman: The Dark Knight Returns (Batman),47271d8e08b5d31c,15,£15.38,5,0
Beauty Restored (Riley Family Legacy Novellas #3),3f69e667a67e54d9,15,£11.11,2,0
That Darkness (Gardiner and Renner #1),0c7b9cf2b7662b65,14,£13.92,1,0
The Bane Chronicles (The Bane Chronicles #1-11),c6f688b82e42a5b,14,£44.73,4,0
The Help Yourself Cookbook for Kids: 60 Easy Plant-Based Recipes Kids Can Make to Stay Healthy and Save the Earth,c8340dabc8641b,14,£28.77,3,0
The Guilty (Will Robie #4),847935fc68707426,14,£13.82,2,0
The First Hostage (J.B. Collins #2),a86972014275e072,14,£25.85,3,0
The Hidden Oracle (The Trials of Apollo #1),992974ba6a0536ea,14,£52.26,2,0
The Immortal Life of Henrietta Lacks,f72f61ad6a5f12e,14,£40.67,2,0
The Last Mile (Amos Decker #2),3bc89353f7e3a3cc,14,£54.21,2,0
The Literature Book (Big Ideas Simply Explained),4881cc53f6c8892f,14,£17.43,3,0
The Loney,2d88a31f325dfd3b,14,£23.40,1,0
The Long Haul (Diary of a Wimpy Kid #9),f21effc079a2b38a,14,£44.07,1,0
The Bad-Ass Librarians of Timbuktu: And Their Race to Save the World’s Most Precious Manuscripts,923831a05c9f91f7,14,£15.77,1,0
The Darkest Lie,6edacfd1f8ebb9eb,14,£35.35,5,0
Swell: A Year of Waves,4c8b7540409da4ac,14,£45.58,1,0
The 14th Colony (Cotton Malone #11),1b8187fa4bf6ab05,14,£39.24,1,0
"Naruto (3-in-1 Edition), Vol. 14: Includes Vols. 40, 41 & 42 (Naruto: Omnibus #14)",71e36f33981ddb74,14,£38.39,2,0
The Dovekeepers,3d76bc83c6b644c9,14,£48.78,1,0
Once Was a Time,e34efcc824685332,14,£18.28,2,0
Old School (Diary of a Wimpy Kid #10),02b74068fa98d8a4,14,£11.83,5,0
No Dream Is Too High: Life Lessons From a Man Who Walked on the Moon,132ec5e8c984adef,14,£21.95,2,0
"Quarter Life Poetry: Poems for the Young, Broke and Hangry",aa35446aab16017f,14,£50.89,5,0
Rain Fish,a6454e329f872b78,14,£23.57,3,0
"Overload: How to Unplug, Unwind, and Unleash Yourself from the Pressure of Stress",8ecf0356a3878811,14,£52.15,3,0
The Lucifer Effect: Understanding How Good People Turn Evil,4e812d32d64e2431,14,£10.40,1,0
Robin War,85b2176b3b194030,14,£47.82,3,0
"Red Hood/Arsenal, Vol. 1: Open for Business (Red Hood/Arsenal #1)",31e2e2d9cca3778f,14,£25.48,2,0
salt.,86cbddb61ea78bb7,14,£46.78,4,0
See America: A Celebration of Our National Parks & Treasured Sites,f9705c362f070608,14,£48.87,3,0
Shtum,830fb3967c74866,14,£55.84,4,0
"So Cute It Hurts!!, Vol. 6 (So Cute It Hurts!! #6)",394f6d30cafc3edb,14,£35.43,4,0
Sorting the Beef from the Bull: The Science of Food Fraud Forensics,3edcccc4f341fb1a,14,£44.74,4,0
Someone Like You (The Harrisons #2),a278db6b2b09cf9f,14,£52.79,5,0
Steve Jobs,95019eac1c0a052f,14,£39.50,5,0
Still Life with Bread Crumbs,fe44cc816576c652,14,£26.41,3,0
Pet Sematary,af58a74e4b2a23a0,14,£10.56,3,0
Superman Vol. 1: Before Truth (Superman by Gene Luen Yang #1),ac8e3949d284e9a9,14,£11.89,5,0
The Power of Habit: Why We Do What We Do in Life and Business,6bdd909329435e80,14,£16.88,3,0
The Marriage of Opposites,52cf2a5933ec5d8f,14,£28.08,4,0
The Omnivore's Dilemma: A Natural History of Four Meals,209adad1015af86f,15,£38.21,2,0
The Power of Now: A Guide to Spiritual Enlightenment,8ec14b1576cb7cb5,15,£43.54,2,0
The Project,790ef197c8f236f5,15,£10.65,1,0
The Secret (The Secret #1),961f18db4f138211,15,£27.37,4,0
"A Piece of Sky, a Grain of Rice: A Memoir in Four Meditations",8a380641491d43e,16,£56.76,5,0
A Murder in Time,f733e8c19d40ec2e,16,£16.64,1,0
A Flight of Arrows (The Pathfinders #2),3a6fb983e2554023,16,£55.53,5,0
The Psychopath Test: A Journey Through the Madness Industry,e98a4efa85070c2f,15,£36.00,2,0
Algorithms to Live By: The Computer Science of Human Decisions,38d45839cb1c83c1,16,£30.81,1,0
Immunity: How Elie Metchnikoff Changed the Course of Modern Medicine,e4f74c16de34d440,16,£57.36,5,0
The Murder That Never Was (Forensic Instincts #5),01ac97e2b8947c2,16,£54.11,3,0
The Nameless City (The Nameless City #1),7d385d34d12e60ff,16,£38.16,4,0
The Regional Office Is Under Attack!,0651062381f0636a,15,£51.36,5,0
"Hush, Hush (Hush, Hush #1)",6b6cd77fbc91b7a6,14,£47.02,3,0
"Hyperbole and a Half: Unfortunate Situations, Flawed Coping Mechanisms, Mayhem, and Other Things That Happened",fbb21a2f71f4d981,14,£14.75,5,0
I Know What I'm Doing -- and Other Lies I Tell Myself: Dispatches from a Life Under Construction,b8a8ff84233f0570,14,£25.98,4,0
I Am Pilgrim (Pilgrim #1),aeff7b87a8e83ebb,14,£10.60,4,0
Island of Dragons (Unwanteds #7),2b52334fab158861,14,£29.65,1,0
Lady Midnight (The Dark Artifices #1),708345c9897fd7c5,14,£16.28,5,0
Let It Out: A Journey Through Journaling,1174156c4a0eccaa,14,£26.79,5,0
Looking for Lovely: Collecting the Moments that Matter,24af96df0bafb925,14,£29.14,5,0
Love Is a Mix Tape (Music #1),adb5f51c2e2ab13f,14,£18.03,1,0
"Living Leadership by Insight: A Good Leader Achieves, a Great Leader Builds Monuments",17fb5a88180f9904,14,£46.91,4,0
"It's All Easy: Healthy, Delicious Weeknight Meals in under 30 Minutes",245e6bf08b8d2955,14,£19.55,1,0
Lowriders to the Center of the Earth (Lowriders in Space #2),a10c7515834240f3,14,£51.51,2,0
Luckiest Girl Alive,512871626a5e588,14,£49.83,3,0
Luis Paints the World,5b43cae640f2338a,14,£53.95,3,0
Cometh the Hour (The Clifton Chronicles #6),28cf0d1c51b491e5,14,£25.01,3,0
Crazy Love: Overwhelmed by a Relentless God,4b9d9cfe0f435788,14,£47.72,2,0
Daily Fantasy Sports,0e94a089328be4bc,14,£36.58,1,0
My Name Is Lucy Barton,727bf2b86b19ad88,14,£41.56,1,0
Dear Mr. Knightley,94a958ea126cdcd5,14,£11.21,5,0
Don't Get Caught,ad2887ce04583910,14,£55.35,1,0
Doctor Sleep (The Shining #2),bf5de316a5e9a4ab,14,£40.12,2,0
Demigods & Magicians: Percy and Annabeth Meet the Kanes (Percy Jackson & Kane Chronicles Crossover #1-3),3c6fe637a0180b01,14,£37.51,5,0
"Eat Fat, Get Thin",047dfa57ba0bf638,14,£54.07,2,0
A World of Flavor: Your Gluten Free Passport,70ed59f194b3c556,16,£42.95,1,0
Eligible (The Austen Project #4),9eaf58b03a2779cc,14,£27.09,3,0
Feathers: Displays of Brilliant Plumage,9194ae88379dbf1a,14,£49.05,3,0
Every Last Word,a2bd4ca82d908442,14,£46.47,3,0
"Far & Away: Places on the Brink of Change: Seven Continents, Twenty-Five Years",ac4dde0d1be05de0,14,£15.06,4,0
Eight Hundred Grapes,1d6dd0c87d90fe92,14,£14.39,4,0
Brain on Fire: My Month of Madness,a80f66b254fe9eb3,14,£49.32,5,0
Angels & Demons (Robert Langdon #1),ad41c24ccac0c7ce,14,£51.48,3,0
Angels Walking (Angels Walking #1),1fbb5f786e53a0ce,14,£34.20,2,0
Glory over Everything: Beyond The Kitchen House,e4b403cb629a29f,14,£45.84,3,0
Aristotle and Dante Discover the Secrets of the Universe (Aristotle and Dante Discover the Secrets of the Universe #1),41164b8ac02a2c42,14,£58.14,4,0
Balloon Animals,9b65f676984c9f0c,14,£17.03,3,0
Barefoot Contessa at Home: Everyday Recipes You'll Make Over and Over Again,0e0da9192a025efc,14,£50.62,5,0
Art Ops Vol. 1,ffdc825785c0ede8,14,£48.80,3,0
Barefoot Contessa Back to Basics,999912e63a3262ae,14,£28.01,1,0
Batman: Europa,bf68dcb5fad3cc8c,14,£32.01,2,0
"Eaternity: More than 150 Deliciously Easy Vegan Recipes for a Long, Healthy, Satisfied, Joyful Life",a01f6d368ef64dc5,14,£51.75,5,0
Buying In: The Secret Dialogue Between What We Buy and Who We Are,16ef91b9d827859c,14,£37.80,4,0
"Carry On, Warrior: Thoughts on Life Unarmed",1b0fc9f777cad045,14,£31.85,3,0
Catching Jordan (Hundred Oaks),e2e7b683b4c15b7,14,£50.83,3,0
Cell,bfbb54bc8cdeed2b,14,£20.29,4,0
El Deafo,27c5968fe43cc06e,14,£57.62,5,0
City of Fallen Angels (The Mortal Instruments #4),1e264c677d4ee4ae,14,£11.23,4,0
City of Bones (The Mortal Instruments #1),5b987e54ee72525c,14,£43.28,1,0
City of Glass (The Mortal Instruments #3),966ebb738e0f9d9b,14,£56.02,4,0
Clockwork Angel (The Infernal Devices #1),42b0c50fc44140ec,14,£44.14,1,0
City of Ashes (The Mortal Instruments #2),8a6ec2761f91dad2,14,£47.27,1,0
Code Name Verity (Code Name Verity #1),33a3e0e3ffde0dc,14,£22.13,4,0
God: The Most Unpleasant Character in All Fiction,eec424a84c9e4c68,14,£30.03,5,0
Greek Mythic History,f201f263d8c23f97,14,£10.23,5,0
Hamilton: The Revolution,afa829857f82f99e,14,£58.79,3,0
Hold Your Breath (Search and Rescue #1),0b165bd4b9f42fd5,14,£28.82,1,0
Made to Stick: Why Some Ideas Survive and Others Die,b96fc7a0ea7d4b45,14,£38.85,5,0
More Than Music (Chasing the Dream #1),47d47155e89c8be7,14,£37.61,2,0
Carrie,5f22418922fa728b,14,£46.23,2,0
My Kind of Crazy,137b0b2775701e11,14,£40.36,1,0
Mr. Mercedes (Bill Hodges Trilogy #1),caa2e5b3fb1b2d4c,14,£28.90,1,0
All the Light We Cannot See,39861fc1c0845d15,14,£29.87,5,0
The Silent Sister (Riley MacPherson #1),ce1ae197ada2aec4,12,£46.29,5,0
The Star-Touched Queen,4a7a25be293ad678,12,£32.30,5,0
13 Hours: The Inside Account of What Really Happened In Benghazi,4be9d1910f8a4e80,13,£27.06,1,0
Will You Won't You Want Me?,077b635ff2afc578,12,£13.86,3,0
My Mrs. Brown,cc82685d9f49bc2c,14,£24.48,3,0
My Kitchen Year: 136 Recipes That Saved My Life,8bbd7df8a324f31,13,£11.53,2,0
Rook,44d97b6707dae3f0,13,£37.86,4,0
Searching for Meaning in Gailana,2f0213137a80d485,13,£38.73,1,0
1491: New Revelations of the Americas Before Columbus,6e8e5626ac4d279e,14,£21.80,3,0
"The Three Searches, Meaning, and the Story",ac5e0d3938caf686,13,£13.33,3,0
A Distant Mirror: The Calamitous 14th Century,5e0526e1ab682a3,14,£14.58,3,0
A People's History of the United States,1ad06aed9349af46,14,£40.79,2,0
A Man Called Ove,8682c03de6a844ff,14,£39.72,1,0
"A Series of Catastrophes and Miracles: A True Story of Love, Science, and Cancer",c1379d3744f1dd2c,14,£56.48,2,0
Tipping Point for Planet Earth: How Close Are We to the Edge?,148715df5a02ea5e,12,£37.55,1,0
A Study in Scarlet (Sherlock Holmes #1),63ee5bc46066a8a8,14,£16.73,2,0
A Time of Torment (Charlie Parker #14),4416c474713ec1f5,14,£48.35,5,0
Abstract City,cf1aa2fc02a7d1e0,14,£56.37,5,0
"Adulthood Is a Myth: A ""Sarah's Scribbles"" Collection",5319169a72714c62,14,£10.90,2,0
How to Speak Golf: An Illustrated Guide to Links Lingo,b978c9852cde91b,12,£58.32,5,0
"Love, Lies and Spies",9546d537fbf99eb6,12,£20.55,2,0
Murder at the 42nd Street Library (Raymond Ambler #1),e7fe3bf2768602cf,12,£54.36,4,0
The Midnight Watch: A Novel of the Titanic and the Californian,14e44163678e24dc,12,£26.20,1,0
No Love Allowed (Dodge Cove #1),b84624b151cbe06,12,£54.65,4,0
Most Wanted,c039f5aceb093537,12,£35.28,3,0
One with You (Crossfire #5),81ef44fcc5f454df,12,£15.71,4,0
Poisonous (Max Revere Novels #3),abdd91e96515a617,12,£26.80,3,0
Psycho: Sanitarium (Psycho #1.5),b8d7b3f5c7a95d65,12,£36.97,5,0
Raspberry Pi Electronics Projects for the Evil Genius,ebf81a62e4798fd1,12,£49.67,4,0
Quench Your Own Thirst: Business Lessons Learned Over a Beer or Two,8976d9161c027142,12,£43.14,1,0
Snatched: How A Drug Queen Went Undercover for the DEA and Was Kidnapped By Colombian Guerillas,f40fea200e0c644f,12,£21.21,3,0
Stars Above (The Lunar Chronicles #4.5),b63ea3f7a57ae099,12,£48.05,2,0
The Dinner Party,c6ca293d4810e0d5,12,£56.54,2,0
The Diary of a Young Girl,54fc03f1e1d355db,12,£59.90,3,0
The Epidemic (The Program 0.6),f732d7d18a91d2ba,12,£14.44,5,0
The Children,64fd010bf8d15096,12,£11.88,3,0
The Golden Condom: And Other Essays on Love Lost and Found,235fa48eeed11d82,12,£39.43,1,0
The Gray Rhino: How to Recognize and Act on the Obvious Dangers We Ignore,3063c7e95d0bf76f,12,£59.15,4,0
The Lonely City: Adventures in the Art of Being Alone,582a21a1dbbef3cf,12,£33.26,2,0
Hide Away (Eve Duncan #20),bddc6fd036eb6279,12,£11.84,1,0
Playing with Fire,05a61a3bd8ca4149,11,£13.71,3,0
"Setting the World on Fire: The Brief, Astonishing Life of St. Catherine of Siena",b06599b108e83f98,11,£21.15,2,0
Off the Hook (Fishing for Trouble #1),b783ce08802cd1d1,11,£47.67,3,0
Sleeping Giants (Themis Files #1),f435aa99d864077,11,£48.74,1,0
The Art of Startup Fundraising,1c584f82a7a1c4f0,11,£21.00,3,0
Take Me Home Tonight (Rock Star Romance #3),cf62fa272b5f0fa3,11,£53.98,3,0
The Improbability of Love,437d8dea9272d0a9,11,£59.45,1,0
"The Sleep Revolution: Transforming Your Life, One Night at a Time",985991708c47003e,11,£11.68,4,0
The Widow,6159d8b187831770,11,£27.26,2,0
Troublemaker: Surviving Hollywood and Scientology,515cb8fcafb1ad98,11,£48.39,2,0
"A la Mode: 120 Recipes in 60 Pairings: Pies, Tarts, Cakes, Crisps, and More Topped with Ice Cream, Gelato, Frozen Custard, and More",a4eef523118805ef,12,£38.77,1,0
A Brush of Wings (Angels Walking #3),01a177623cce9596,14,£55.51,1,0
A Paris Apartment,63343e287971bb0c,12,£39.01,4,0
Boar Island (Anna Pigeon #19),49b24c6a41b82bd2,12,£59.48,3,0
Can You Keep a Secret? (Fear Street Relaunch #4),069086944f2e330,12,£48.64,1,0
Dirty (Dive Bar #1),f7e628bad5782b4,12,£40.83,4,0
Eleanor & Park,6983328f15506cb9,12,£56.51,5,0
Equal Is Unfair: America's Misguided Fight Against Income Inequality,3968e3fbf4695d7c,12,£56.86,1,0
Everyday Italian: 125 Simple and Delicious Recipes,76319fe9d8b465a3,12,£20.10,5,0
A Mother's Reckoning: Living in the Aftermath of Tragedy,2b69dec0193511d9,11,£19.53,3,0
11/22/63,a9d7b75461084a26,11,£48.48,3,0
A Gentleman's Position (Society of Gentlemen #3),40c4bf520c17de54,11,£14.75,5,0
10-Day Green Smoothie Cleanse: Lose Up to 15 Pounds in 10 Days!,96aa539bfd4c07e2,10,£49.71,5,0
"10% Happier: How I Tamed the Voice in My Head, Reduced Stress Without Losing My Edge, and Found Self-Help That Actually Works",34669b2e9d407d3a,10,£24.57,2,0
Adultery,bb967277222e689c,11,£20.88,5,0
Furiously Happy: A Funny Book About Horrible Things,c6a29d6df8de968c,12,£41.46,4,0
Born for This: How to Find the Work You Were Meant to Do,816180220e8cb419,11,£21.59,5,0
Arena,2c34f9432069b52b,11,£21.36,4,0
Cravings: Recipes for What You Want to Eat,2587c54f5530dafc,11,£20.50,3,0
Daredevils,f608c903c451f387,11,£16.34,3,0
Grey (Fifty Shades #4),b5953ca1f8a0b8d7,11,£48.49,4,0
It Didn't Start with You: How Inherited Family Trauma Shapes Who We Are and How to End the Cycle,ce8666d9b42fc9a0,11,£56.27,3,0
"Exit, Pursued by a Bear",c65c25d990fc7025,11,£51.34,4,0
Keep Me Posted,20dc4f1ac5d4fd9c,11,£20.46,4,0
Lab Girl,825d6c44da3ca5a6,11,£40.85,1,0
Lilac Girls,bade9943ee01b63f,11,£17.28,2,0
"Mother, Can You Not?",28b2df9fadc9f07e,11,£16.89,5,0
M Train,5569c3fea112718e,11,£27.18,1,0
Without Shame,ab60e6f5a63e1cfb,9,£48.27,5,0
Mothering Sunday,47e1b2d43f709995,11,£13.34,2,0
Modern Day Fables,6baac632f7711e26,9,£47.44,2,0
Nap-a-Roo,913e7109cec0cb4c,9,£25.08,1,0
Don't Forget Steven,e845d305f64154f1,9,£33.23,1,0
Dress Your Family in Corduroy and Denim,7e9068872228c474,9,£43.68,3,0
"Fruits Basket, Vol. 9 (Fruits Basket #9)",97187f5cf0385da3,9,£33.95,4,0
If I Gave You God's Phone Number....: Searching for Spirituality in America,8fab4c4f6f82a4ce,9,£20.91,1,0
Suzie Snowflake: One beautiful flake (a self-esteem story),0e095ed785af7e43,9,£54.81,5,0
The Alien Club,e77594ece9b9d1fe,9,£54.40,1,0
The Art and Science of Low Carbohydrate Living,f9c87ccb2bc4853b,9,£52.98,5,0
The Book of Mormon,3f25a2fedae191cc,9,£24.57,3,0
Lies and Other Acts of Love,469508882dfc1991,11,£45.14,1,0
"The Fabric of the Cosmos: Space, Time, and the Texture of Reality",ca74f2e3c35a3e77,9,£55.91,1,0
The Flowers Lied,33396269bcce166f,9,£16.68,2,0
"The Moosewood Cookbook: Recipes from Moosewood Restaurant, Ithaca, New York",65cfc9f242c2984a,9,£12.34,4,0
The Shack,903a9f8090104c2c,9,£28.03,1,0
The New Brand You: Your New Image Makes the Sale for You,4b50fb1359ebf35,9,£44.05,5,0
Underlying Notes,0967effecd292a86,9,£11.82,2,0
Unlimited Intuition Now,4fd0a2a350f016e6,9,£58.87,4,0
Watchmen,1848064c54e01c7,9,£58.05,4,0
"NaNo What Now? Finding your editing process, revising your NaNoWriMo book and building a writing career through publishing and beyond",ee6c67859d70186b,9,£10.41,4,0
Chernobyl 01:23:40: The Incredible True Story of the World's Worst Nuclear Disaster,7186241e043de5dc,9,£35.92,2,0
South of Sunshine,331c26103d885cae,8,£28.93,1,0
Silence in the Dark (Logan Point #4),e46a164cf310fd7,8,£58.33,3,0
Shadows of the Past (Logan Point #1),bee6e93e9976f4fa,8,£39.67,5,0
The E-Myth Revisited: Why Most Small Businesses Don't Work and What to Do About It,a2308a936e898d48,8,£36.91,1,0
The Grownup,1bba4b1ba23ed2d6,8,£35.88,1,0
Smarter Faster Better: The Secrets of Being Productive in Life and Business,a2475a245c9907c4,8,£38.89,5,0
The High Mountains of Portugal,4f283dfcbeccc0d4,8,£51.15,1,0
"The Midnight Assassin: Panic, Scandal, and the Hunt for America's First Serial Killer",5a0d2e9284004266,8,£28.45,4,0
The Martian (The Martian #1),9afd00e81d6208e6,8,£41.39,2,0
The New Drawing on the Right Side of the Brain,3eec766dda26fa64,8,£43.02,3,0
The Unlikely Pilgrimage of Harold Fry (Harold Fry #1),e0bdd79c7304ee8,8,£43.62,5,0
Vagabonding: An Uncommon Guide to the Art of Long-Term World Travel,1809259a5a5f1d8,8,£36.94,2,0
When Breath Becomes Air,b69c852e7e3956af,8,£39.36,2,0
Why Not Me?,04f6c929888f4f11,8,£17.76,1,0
"Zero to One: Notes on Startups, or How to Build the Future",e77033ce559947f7,8,£34.06,3,0
23 Degrees South: A Tropical Tale of Changing Whether...,61cf7eb9d2cd8bb0,9,£35.79,2,0
Roller Girl,aeb51dfbe8aeec59,8,£14.10,5,0
A Hero's Curse (The Unseen Chronicles #1),c181ca8eabe7d18c,9,£50.49,3,0
Art and Fear: Observations on the Perils (and Rewards) of Artmaking,6d9ffea95f2f8bf,9,£48.63,4,0
A Shard of Ice (The Black Symphony Saga #1),63d5f1651880dcea,9,£56.63,3,0
History of Beauty,8a150fd8ff5d7686,8,£10.29,4,0
Howl and Other Poems,b7870fa6dc088fbb,8,£40.45,2,0
Hystopia: A Novel,0bfdef63285d3019,8,£21.96,4,0
I Will Find You,bbf1ea50be8008ab,8,£44.21,1,0
John Vassos: Industrial Design for Modern Life,bd26e8a79a856c31,8,£20.22,4,0
Kierkegaard: A Christian Missionary to Christians,0cf57cb49272fd37,8,£47.13,1,0
I'll Give You the Sun,0ab4b35dcffcffd1,8,£56.48,1,0
Kill 'Em and Leave: Searching for James Brown and the American Soul,39eefec3a8498dde,8,£45.05,5,0
Left Behind (Left Behind #1),29af1a2566c4e36e,8,£40.72,2,0
Les Fleurs du Mal,c44c5e1425475206,8,£29.04,5,0
Living Forward: A Proven Plan to Stop Drifting and Get the Life You Want,044534b0b28b4e87,8,£12.55,3,0
"Love That Boy: What Two Presidents, Eight Road Trips, and My Son Taught Me About a Parent's Expectations",4d3a4c7b442a9a4e,8,£25.06,2,0
Man's Search for Meaning,4729afff3bea0f0a,8,£29.48,3,0
Miller's Valley,bff270fe9c86a5a9,8,£58.54,2,0
My Life Next Door (My Life Next Door ),9a7291b89bd5445c,8,£36.39,5,0
Out of Print: City Lights Spotlight No. 14,c0fc0cd215ee1724,8,£53.64,5,0
The Whale,0ff9d10864db8364,7,£35.96,4,0
Toddlers Are A**holes: It's Not Your Fault,4242cc3d0437db12,7,£25.55,1,0
Under the Tuscan Sun,a94350ee74deaa07,7,£37.33,3,0
Unreasonable Hope: Finding Faith in the God Who Brings Purpose to Your Pain,48cb52d78c992487,7,£46.33,2,0
Wildlife of New York: A Five-Borough Coloring Book,b46d022080543144,7,£22.14,2,0
You Are a Badass: How to Stop Doubting Your Greatness and Start Living an Awesome Life,88ec621893e595d0,7,£12.08,3,0
"""Most Blessed of the Patriarchs"": Thomas Jefferson and the Empire of the Imagination",f16c2edb2a603f92,8,£44.48,5,0
32 Yolks,b1a227b7609ff263,8,£53.63,2,0
"A Murder Over a Girl: Justice, Gender, Junior High",fef91502cbacf23a,8,£13.20,3,0
Being Mortal: Medicine and What Matters in the End,15ebd83e53d0391b,8,£55.06,4,0
Between the World and Me,04e3de7ac35ec5c,8,£56.91,4,0
Brazen: The Courage to Find the You That's Been Hiding,77e9ea355bd8ae57,8,£19.22,2,0
Brilliant Beacons: A History of the American Lighthouse,7f5157bf53065d36,8,£11.45,3,0
Death by Leisure: A Cautionary Tale,4dbd54d9e36c9566,8,£37.51,4,0
Ender's Game (The Ender Quintet #1),e049d44c4f1cf1b2,8,£43.64,1,0
Diary of a Citizen Scientist: Chasing Tiger Beetles and Other New Ways of Engaging the World,0c11e2d068768dbb,8,£28.41,1,0
Future Shock (Future Shock #1),f6a7c43faa6732b,8,£55.65,5,0
Heaven is for Real: A Little Boy's Astounding Story of His Trip to Heaven and Back,48c1369927ebef1,8,£52.86,2,0
The Story of Art,9147c5251cc99eb1,7,£41.14,4,0
Raymie Nightingale,31c56c4d0fe19340,7,£34.41,2,0
Playing from the Heart,68008abf6409dfde,7,£32.38,1,0
"Rich Dad, Poor Dad",8486f61aa81a3daa,7,£51.74,1,0
"Shrunken Treasures: Literary Classics, Short, Sweet, and Silly",9639e89d20228e6e,7,£52.87,3,0
The Year of Living Biblically: One Man's Humble Quest to Follow the Bible as Literally as Possible,4a0b78598b42897a,7,£34.72,1,0
What Happened on Beale Street (Secrets of the South Mysteries #2),9735c969c652dd89,7,£25.37,5,0
"Sit, Stay, Love",bd087cf6a846db75,7,£20.90,3,0
Team of Rivals: The Political Genius of Abraham Lincoln,ba047a636b7d3793,7,£20.12,5,0
Steal Like an Artist: 10 Things Nobody Told You About Being Creative,8776181be110838a,7,£20.90,2,0
The 7 Habits of Highly Effective People: Powerful Lessons in Personal Change,5fbd03b1ac0a0e69,7,£33.17,4,0
The Art Book,4b8fa561a1e52d1c,7,£32.34,2,0
Sister Dear,7ffebdd1d5148aef,7,£40.20,4,0
The Bachelor Girl's Guide to Murder (Herringford and Watts Mysteries #1),20789fb17b423c4c,7,£52.30,5,0
The Bourne Identity (Jason Bourne #1),250657f0ebc5d73,7,£42.78,4,0
The Constant Princess (The Tudor Court #1),24933c712f0bca2f,7,£16.62,3,0
The Drowning Girls,7a10353c9c54cf7c,7,£35.67,3,0
The Faith of Christopher Hitchens: The Restless Soul of the World's Most Notorious Atheist,57f85720e54d6442,7,£39.55,1,0
The Glass Castle,47f4fd3e8e1dac05,7,£16.24,1,0
The Good Girl,f935412970c9f58f,7,£49.03,3,0
Nightstruck: A Novel,746029796363aa51,7,£50.35,4,0
The Great Gatsby,a8dbf1c6b41b885a,7,£36.05,4,0
Blue Like Jazz: Nonreligious Thoughts on Christian Spirituality,a322361a37a78d3,7,£25.77,1,0
"Chronicles, Vol. 1",4781b6bfd6f7a2c5,7,£52.60,2,0
Counted With the Stars (Out from Egypt #1),4807043b8218e9ce,7,£17.97,5,0
Delivering the Truth (Quaker Midwife Mystery #1),4e980425468708da,7,£20.89,4,0
Every Heart a Doorway (Every Heart A Doorway #1),4fa75fc6829431ca,7,£12.16,5,0
Finding God in the Ruins: How God Redeems Pain,4e78f06160b717ac,7,£46.64,2,0
For the Love: Fighting for Grace in a World of Impossible Standards,2e40333991f56f45,7,£45.13,3,0
"Fruits Basket, Vol. 7 (Fruits Basket #7)",e6d7645f192d517,7,£19.57,1,0
Good in Bed (Cannie Shapiro #1),c00bc29a678a6efb,7,£37.05,5,0
How to Cook Everything Vegetarian: Simple Meatless Recipes for Great Food (How to Cook Everything),2a9fcb3382d351c8,7,£46.01,4,0
How to Be a Domestic Goddess: Baking and the Art of Comfort Cooking,eff5710404e2ff78,7,£28.25,2,0
King's Folly (The Kinsman Chronicles #1),4c82371b8cd02d4,7,£39.61,5,0
John Adams,68407606544d6f22,7,£57.43,4,0
Leave This Song Behind: Teen Poetry at Its Best,b74ee891e2a6dd69,7,£51.17,5,0
Life of Pi,40cdcbb7692fd408,7,£13.22,4,0
Memoirs of a Geisha,ac4b5847454fd9b,7,£49.67,3,0
Like Never Before (Walker Family #2),b6670507e85b30e6,7,£28.77,2,0
Please Kill Me: The Uncensored Oral History of Punk,4a823d80aa30dbb0,8,£31.19,4,0
"Naturally Lean: 125 Nourishing Gluten-Free, Plant-Based Recipes--All Under 300 Calories",924438fc6cbec836,7,£11.38,5,0
The Origin of Species,0345872b14f9e774,7,£10.01,4,0
Proofs of God: Classical Arguments from Tertullian to Barth,56d0710668bb39c,8,£54.21,1,0
Rising Strong,52fc458ffc756faf,8,£21.82,3,0
Benjamin Franklin: An American Life,5b546a46a86a9d8c,7,£48.19,3,0
The Golden Compass (His Dark Materials #1),33824cb93ecab6f,6,£18.77,1,0
The Fellowship of the Ring (The Lord of the Rings #1),cb17945cb90b7837,6,£10.27,2,0
The Collected Poems of W.B. Yeats (The Collected Works of W.B. Yeats #1),3d250ab0f12be445,6,£15.42,5,0
The God Delusion,2bc80eba94950873,6,£46.85,3,0
The Great Railway Bazaar,48736df57e7bec9f,6,£30.54,1,0
The Joy of Cooking,326e189b1210916,6,£43.27,4,0
The Invention of Wings,e6635f5b0a2c78db,6,£37.34,1,0
The Makings of a Fatherless Child,2efa5a839e62b1b,6,£31.58,2,0
The Hobbit (Middle-Earth Universe),72b5355dda190b6a,6,£17.80,5,0
The Girl You Left Behind (The Girl You Left Behind #1),eb7459e0c570251,6,£15.79,1,0
The Mysterious Affair at Styles (Hercule Poirot #1),2da5edf8b5776c9a,6,£24.80,4,0
The Sound Of Love,5ba3d703d1ae0c1,6,£57.84,5,0
The Perks of Being a Wallflower,fd364afd082f5446,6,£55.02,3,0
The Rise and Fall of the Third Reich: A History of Nazi Germany,774fa432bd7d9c47,6,£39.67,2,0
A Gathering of Shadows (Shades of Magic #2),1378a0ad06ff979,7,£44.81,4,0
A Short History of Nearly Everything,6c7fa6844380f50a,7,£52.40,5,0
A Summer In Europe,cc1936a9f4e93477,7,£44.34,2,0
"At The Existentialist Café: Freedom, Being, and apricot cocktails with: Jean-Paul Sartre, Simone de Beauvoir, Albert Camus, Martin Heidegger, Edmund Husserl, Karl Jaspers, Maurice Merleau-Ponty and others",6b52904b2ab91bf6,7,£29.93,5,0
A Year in Provence (Provence #1),9e60929f521fa280,6,£56.88,4,0
An Unquiet Mind: A Memoir of Moods and Madness,46cb43c2ab133ccc,6,£21.30,3,0
Better Homes and Gardens New Cook Book,faf841f81c52638b,6,£39.61,3,0
Catherine the Great: Portrait of a Woman,f3c70d296ec796c4,6,£58.55,4,0
Fun Home: A Family Tragicomic,56a34d0cec11d6b0,6,£56.59,4,0
"Fruits Basket, Vol. 6 (Fruits Basket #6)",97258f576d4bb672,6,£20.96,4,0
"Death Note, Vol. 6: Give-and-Take (Death Note #6)",6e06d0f00f6da20f,6,£36.39,3,0
Deception Point,4e3b183180e2a992,6,£40.32,4,0
"Girl, Interrupted",384c7d41d5ffe9d1,6,£42.14,3,0
Give It Back,012170e4fc87ace0,6,£18.32,2,0
How to Stop Worrying and Start Living,e792c0969cefe1b8,6,£46.49,5,0
In Cold Blood,fe0f34ebed689381,6,£49.98,4,0
Me Before You (Me Before You #1),7a2b51f69e81c722,6,£19.02,1,0
In the Woods (Dublin Murder Squad #1),6958de044cb28a84,6,£38.38,2,0
Mere Christianity,f38f37ed934d84b2,6,£48.51,3,0
The Man Who Mistook His Wife for a Hat and Other Clinical Tales,60376aa71be66083,6,£59.45,4,0
Meternity,725cd8d23d78cdca,7,£43.58,3,0
The Expatriates,fe7210553d56c097,5,£44.58,2,0
Pride and Prejudice,720c36b2bee4692e,6,£19.27,4,0
The False Prince (The Ascendance Trilogy #1),a2a9f76339d21ab1,5,£56.00,5,0
The Fault in Our Stars,3661360c99719414,5,£47.22,1,0
The Firm,ad84f18659e6bfe2,5,£45.56,3,0
The Hiding Place,c4589ee5977a47be,5,£55.91,4,0
The Little Paris Bookshop,fd9ff1f343cdaff,5,£24.73,3,0
The Mathews Men: Seven Brothers and the War Against Hitler's U-boats,0d210d2448c3018f,5,£42.91,5,0
The Metamorphosis,93379e3a2072a01b,5,£28.58,1,0
The Power Greens Cookbook: 140 Delicious Superfood Recipes,f701fae56b645ef7,5,£11.05,5,0
The Raven Boys (The Raven Cycle #1),e0b3a679b83caccc,5,£57.74,4,0
The Grand Design,3213b1f13f5f0f7c,5,£13.76,3,0
The Secret Garden,abbb492978ff656,5,£15.08,4,0
This Is Your Brain on Music: The Science of a Human Obsession,bc209a900101f28,5,£38.40,1,0
Two Summers,3a7d54a264d9f33e,5,£14.64,1,0
Where She Went (If I Stay #2),60369d96b7b80869,5,£41.73,4,0
What If?: Serious Scientific Answers to Absurd Hypothetical Questions,163d89116179c33f,5,£53.68,4,0
Why Save the Bankers?: And Other Essays on Our Economic and Political Crisis,759ee7d059b1beb8,5,£48.67,2,0
"Will Grayson, Will Grayson (Will Grayson, Will Grayson)",e75f3ae1da1cc652,5,£47.31,4,0
Kill the Boy Band,44f545727e704187,5,£15.52,5,0
Killing Floor (Jack Reacher #1),8dde2ff3f6fcc0a3,5,£31.49,4,0
Last One Home (New Beginnings #1),07e6810fd3236bda,5,£59.98,3,0
Logan Kade (Fallen Crest High #5.5),7093cf549cd2e7de,5,£13.12,2,0
Lola and the Boy Next Door (Anna and the French Kiss #2),5e1a88d248599768,5,£23.63,4,0
Maybe Something Beautiful: How Art Transformed a Neighborhood,81c68492ccd72941,5,£22.54,1,0
My Mother Was Nuts,a4ce39a3720cd679,5,£31.63,4,0
Mexican Today: New and Rediscovered Recipes for Contemporary Kitchens,12a90b90283b2e6,5,£24.91,5,0
Peak: Secrets from the New Science of Expertise,6036239d2ab349b7,5,£16.28,2,0
The Raven King (The Raven Cycle #4),2e4fc5eacceec12c,5,£30.57,2,0
Red Dragon (Hannibal Lecter #1),e958ae92f328c181,5,£23.37,3,0
Remember Me?,2973d38c2fbd7a5c,5,£11.48,3,0
Siddhartha,84bb29c53592ac40,5,£34.22,5,0
Shiver (The Wolves of Mercy Falls #1),59a8ae019b64f2a7,5,£16.23,5,0
Talking to Girls About Duran Duran: One Young Man's Quest for True Love and a Cooler Haircut,1dba84766a5e87b8,5,£25.15,4,0
Tell the Wind and Fire,84126312e2431a09,5,£45.51,3,0
The 5th Wave (The 5th Wave #1),b716233fcb6877e6,5,£11.83,2,0
The Crossover,b228042c088b1913,5,£38.77,4,0
The Darkest Corners,c4182bdb53e2459a,5,£11.33,5,0
The Dream Thieves (The Raven Cycle #2),fec06f52054ea900,5,£34.50,1,0
Tell Me Three Things,50d5a7b861ed1c54,5,£41.81,1,0
World Without End (The Pillars of the Earth #2),2e5b4ff08a75fd02,5,£32.97,4,0
Ship Leaves Harbor: Essays on Travel by a Recovering Journeyman,8d8e9f9b8730eb25,6,£30.60,3,0
The Barefoot Contessa Cookbook,6478ccb4416e6a5,6,£59.92,5,0
Tell the Wolves I'm Home,2a1b3d967cda1da2,6,£50.96,2,0
An Abundance of Katherines,f36d24c309e87e5b,5,£10.00,5,0
Approval Junkie: Adventures in Caring Too Much,612369a5947a012e,5,£58.81,5,0
Booked,b54d7416bb445989,5,£17.49,5,0
"Blue Lily, Lily Blue (The Raven Cycle #3)",ad5e078beceaeb4a,5,£34.13,5,0
Isla and the Happily Ever After (Anna and the French Kiss #3),45045146dbf7b009,5,£48.13,5,0
America's War for the Greater Middle East: A Military History,add33db6ff80db24,5,£51.22,2,0
Critique of Pure Reason,429b4a811bef386c,5,£20.75,1,0
"Data, A Love Story: How I Gamed Online Dating to Meet My Match",bcf567421c581f0a,5,£32.35,3,0
"Death Note, Vol. 5: Whiteout (Death Note #5)",1c0a38899c82b60a,5,£52.41,1,0
Drama,5ad4c92d8bf26c9,5,£38.70,2,0
Evicted: Poverty and Profit in the American City,75cc85cdbe9ad46b,5,£42.27,1,0
Fool Me Once,630e766f0a1987,5,£16.96,1,0
Find Her (Detective D.D. Warren #8),b28c7d07afa7063b,5,£22.37,1,0
"Fruits Basket, Vol. 5 (Fruits Basket #5)",3fd83dcf37bf1bc0,5,£16.33,1,0
Foundation (Foundation (Publication Order) #1),3fc124f59f3068e4,5,£32.42,1,0
Harry Potter and the Deathly Hallows (Harry Potter #7),6c49258724f11770,5,£23.32,1,0
I Know Why the Caged Bird Sings (Maya Angelou's Autobiography #1),219d4e325e6f204,5,£36.55,2,0
If I Stay (If I Stay #1),7284d85428305f5a,5,£38.13,5,0
Some Women,31f5bbf4974d29c9,4,£13.73,5,0
The Beast (Black Dagger Brotherhood #14),8930013d06942df1,4,£46.08,5,0
The Bone Hunters (Lexy Vaughan & Steven Macaulay #2),9c4d061c1e2fe6bf,4,£59.71,3,0
The Demonists (Demonist #1),ff2dffba388d9922,4,£52.11,2,0
"The Demon Prince of Momochi House, Vol. 4 (The Demon Prince of Momochi House #4)",f53c2948b32bde3,4,£27.88,2,0
The Geography of Bliss: One Grump's Search for the Happiest Places in the World,c65ee14957c0fa5c,4,£28.23,2,0
Digital Fortress,94bb629a3f6dd00b,5,£58.00,5,0
The Gunning of America: Business and the Making of American Gun Culture,45033bdf3d9ed158,4,£16.81,4,0
The Hound of the Baskervilles (Sherlock Holmes #5),6587f46697fc4443,4,£14.82,2,0
Dracula the Un-Dead,e46b1074b99ac4b6,5,£35.63,5,0
The Jazz of Physics: The Secret Link Between Music and the Structure of the Universe,6a57286a8890d8c5,4,£38.71,3,0
The Hunger Games (The Hunger Games #1),6d2f70d9424f41a1,4,£29.85,5,0
The Passion of Dolssa,011674f4a3834b8,4,£28.32,5,0
The Shining (The Shining #1),4de23aa98acc65b,4,£27.88,3,0
Musicophilia: Tales of Music and the Brain,6d235933670503d9,6,£46.58,1,0
Girl With a Pearl Earring,5eff05e59f905a49,4,£26.77,1,0
God Is Not Great: How Religion Poisons Everything,bc5530d2939d49,4,£27.80,1,0
The Perfect Play (Play by Play #1),9cc207168a03470,4,£59.99,3,0
Gone with the Wind,23310ce84d3c9f85,4,£32.49,3,0
Harry Potter and the Half-Blood Prince (Harry Potter #6),73f4f87dd936ee5c,4,£48.75,5,0
Harry Potter and the Order of the Phoenix (Harry Potter #5),5a6b7155f2797537,4,£31.63,4,0
Harry Potter and the Prisoner of Azkaban (Harry Potter #3),eff24325e0ede639,4,£24.17,4,0
Harry Potter and the Sorcerer's Stone (Harry Potter #1),ac337893a9fe0085,4,£13.90,3,0
Harry Potter and the Chamber of Secrets (Harry Potter #2),c7c4f55b7321cba7,4,£14.74,1,0
It,670a2773607d785,4,£25.01,3,0
Little Women (Little Women #1),eda806b68b0aa11,4,£28.07,4,0
Misery,81d4191030b9704b,4,£34.79,2,0
The Pilgrim's Progress,6053ddf69c967d5f,4,£50.26,2,0
"Fruits Basket, Vol. 4 (Fruits Basket #4)",8fff1084aa085a13,4,£50.44,4,0
Mockingjay (The Hunger Games #3),5212c6acea3359e5,4,£20.44,4,0
Needful Things,70b585c9d0f15725,4,£47.51,4,0
No One Here Gets Out Alive,3a95f5a2df4ff921,4,£20.02,5,0
Night Shift (Night Shift #1-20),869d20b3b8128230,4,£12.75,4,0
"Orchestra of Exiles: The Story of Bronislaw Huberman, the Israel Philharmonic, and the One Thousand Jews He Saved from Nazi Horrors",2ba5ccc84d35006c,4,£12.36,3,0
Outlander (Outlander #1),5de4baa88061a77a,4,£19.67,5,0
We Are All Completely Beside Ourselves,be3db344a845580b,3,£24.04,1,0
When You Are Engulfed in Flames,ab0196cd5fc8e5e,3,£30.89,5,0
"Where'd You Go, Bernadette",07bb35158d9dd3d2,3,£18.13,1,0
Wild: From Lost to Found on the Pacific Crest Trail,30b9215c72cca87,3,£46.02,3,0
Paper and Fire (The Great Library #2),ae884ac655d6ee3e,4,£49.45,5,0
World War Z: An Oral History of the Zombie War,5d55202da0252627,3,£21.80,1,0
Wuthering Heights,5a7ff9aaa3168878,3,£17.73,3,0
Zero History (Blue Ant #3),634b7165c96ebb9f,3,£34.77,1,0
We the People: The Modern-Day Figures Who Have Reshaped and Affirmed the Founding Fathers' Vision of America,06bab964fd536971,3,£31.95,3,0
A New Earth: Awakening to Your Life's Purpose,f6ae39568db1130e,4,£55.65,5,0
'Salem's Lot,6e9403f00acd6752,4,£49.56,4,0
A Walk to Remember,aead11697d14ea36,4,£56.43,1,0
"A History of God: The 4,000-Year Quest of Judaism, Christianity, and Islam",12ca4020c2f602e,4,£27.62,1,0
Animal Farm,1451b55e5e56bb89,4,£57.22,3,0
Shopaholic Ties the Knot (Shopaholic #3),38199c5d7da0c0ef,4,£48.39,5,0
Candide,2798974abc8a58a8,4,£58.63,3,0
Changing the Game (Play by Play #2),aaebac5fda798b1b,4,£13.38,3,0
Walk the Edge (Thunder Road #2),0e4e2d31c2fb3aa,3,£32.36,3,0
The Smitten Kitchen Cookbook,742702d662a71410,3,£23.59,1,0
Can You Keep a Secret?,0812f54c93d726ce,4,£21.94,1,0
The Thing About Jellyfish,3d15714d4d3d15,3,£48.77,1,0
The Tipping Point: How Little Things Can Make a Big Difference,224fa77d4b248046,3,£10.02,2,0
The Travelers,2b685187f55c5d31,3,£15.77,1,0
The Undomestic Goddess,813cff2aefa5d1f0,3,£45.75,4,0
"The Wicked + The Divine, Vol. 3: Commercial Suicide (The Wicked + The Divine)",a33ed2e6068df53e,3,£14.41,3,0
The Wild Robot,75fed6a47f69859,3,£56.07,3,0
"Thinking, Fast and Slow",719d72f3ee512dc6,3,£21.14,1,0
Three-Martini Lunch,57f755143ee96fd4,3,£23.21,3,0
"Trespassing Across America: One Man's Epic, Never-Done-Before (and Sort of Illegal) Hike Across the Heartland",2173a2ce35f6ace1,3,£53.51,1,0
Two Boys Kissing,61bc8167c9680283,3,£32.74,2,0
Twenties Girl,8ebad30219b8679c,3,£42.80,2,0
Twilight (Twilight #1),b53078de0147f6bf,3,£41.93,2,0
Under the Banner of Heaven: A Story of Violent Faith,599a4f98bb193368,3,£30.00,1,0
"Unstuffed: Decluttering Your Home, Mind, and Soul",b830685072fa871f,3,£58.09,1,0
The Lonely Ones,cf2f27fdf94ba20e,3,£43.59,5,0
The Lover's Dictionary,36c15687f5ab0f7c,3,£58.09,2,0
The Maze Runner (The Maze Runner #1),4266f48a0aa1c37,3,£20.93,1,0
The Nanny Diaries (Nanny #1),6263c1d2997b8ce0,3,£52.53,5,0
The Obsession,ee441c8e027caa66,3,£45.43,1,0
The Paris Wife,fa26798728f5208f,3,£36.80,3,0
The Picture of Dorian Gray,b9f6305a3d650e2c,3,£29.70,2,0
The Purest Hook (Second Circle Tattoos #3),969f6c7e86554814,3,£12.25,1,0
The Purpose Driven Life: What on Earth Am I Here for?,0e7beedf0ee9380c,3,£37.19,3,0
The Stand,49f24193f0b961e6,3,£57.86,2,0
The Red Tent,3c456328b04a8ee8,3,£35.66,5,0
The Rest Is Noise: Listening to the Twentieth Century,e2d47e82c50d41d9,3,£34.77,1,0
The Restaurant at the End of the Universe (Hitchhiker's Guide to the Galaxy #2),0e92ccf1bd39e68f,3,£10.92,1,0
The Rise of Theodore Roosevelt (Theodore Roosevelt #1),1a5044d233936b1a,3,£42.57,3,0
The Name of God is Mercy,0baf71623648413a,3,£37.25,2,0
The Road to Little Dribbling: Adventures of an American in Britain (Notes From a Small Island #2),366a236aa1ea6f07,3,£23.21,1,0
The Day the Crayons Came Home (Crayons),b22362b434e8ee62,3,£26.33,5,0
The Nightingale,29d6d87f3418638b,3,£26.26,4,0
The Demon-Haunted World: Science as a Candle in the Dark,f51062bf579507d9,3,£52.25,4,0
The Devil Wears Prada (The Devil Wears Prada #1),a6ab0cb7106a67f2,3,£44.29,1,0
Atlas Shrugged,78a4ac98191ac675,4,£26.58,5,0
"The Elegant Universe: Superstrings, Hidden Dimensions, and the Quest for the Ultimate Theory",c6bf14cb901c63ac,3,£13.03,4,0
"The End of Faith: Religion, Terror, and the Future of Reason",b3f2bc2cefb35f05,3,£22.13,4,0
The New Guy (and Other Senior Year Distractions),3e42ac0f4d43320f,3,£44.92,3,0
The Girl Who Played with Fire (Millennium Trilogy #2),bfa9cb304075d3e8,3,£22.14,2,0
The Girl Who Kicked the Hornet's Nest (Millennium Trilogy #3),8f5d16a5a9bd58b2,3,£57.48,1,0
The Giver (The Giver Quartet #1),e2dac1f4739e0bd5,3,£12.30,1,0
The Goldfinch,c88422d8959260ab,3,£43.58,3,0
The Exiled,003e904727281a,3,£43.45,3,0
The Guns of August,b5da59dd177eb36b,3,£14.54,2,0
The Girl with All the Gifts,92dcc54a27107a37,3,£49.47,3,0
The Hitchhiker's Guide to the Galaxy (Hitchhiker's Guide to the Galaxy #1),a8b0ea6490bc818f,3,£47.80,3,0
Shopaholic & Baby (Shopaholic #5),c57d3c96af23c297,3,£46.45,2,0
The Guernsey Literary and Potato Peel Pie Society,4a0a276409968a73,3,£49.53,1,0
Soldier (Talon #3),feaaae90514eb2ac,3,£24.72,2,0
"The Disappearing Spoon: And Other True Tales of Madness, Love, and the History of the World from the Periodic Table of the Elements",63c0826ef59eae66,3,£57.35,5,0
Something Blue (Darcy & Rachel #2),3fc9d51d1c4d6ba7,3,£54.62,1,0
Something Borrowed (Darcy & Rachel #1),ac27ab4bcd9c492e,3,£48.96,5,0
Spilled Milk: Based on a True Story,f08667e4c0458f37,3,£49.51,1,0
Stiff: The Curious Lives of Human Cadavers,a11ae5f07572ef49,3,£36.74,3,0
"Surely You're Joking, Mr. Feynman!: Adventures of a Curious Character",61002f3b7ba5d780,3,£25.83,2,0
The Art of Fielding,2858ac90c4758e1f,3,£22.10,1,0
"The Art of Simple Food: Notes, Lessons, and Recipes from a Delicious Revolution",311634df10651e05,3,£34.32,3,0
The Autobiography of Malcolm X,b04a6a0db525857,3,£23.43,2,0
The Book of Basketball: The NBA According to The Sports Guy,08decd9664e5d56e,3,£44.84,5,0
The Blind Side: Evolution of a Game,cd3dcd83bb002e78,3,£53.71,5,0
The Book Thief,a75e274c8814b539,3,£53.49,2,0
The Case for Christ (Cases for Christianity),970bd3316219e7dc,3,£47.84,1,0
The Catcher in the Rye,487449f4f6322f0f,3,£24.55,1,0
The Complete Poems,23707d3ddf14a999,3,£41.32,5,0
Orange Is the New Black,8378c899988905ee,3,£24.61,2,0
One for the Money (Stephanie Plum #1),3250650a5c4e6f07,3,£32.87,2,0
Original Fake,c59283b05905c853,3,£31.45,3,0
Outliers: The Story of Success,09a7b0b566ad6225,3,£14.16,1,0
Packing for Mars: The Curious Science of Life in the Void,8e2dfd6bcf48e1e6,3,£56.68,2,0
Persepolis: The Story of a Childhood (Persepolis #1-2),cb62418129b864a3,3,£39.13,1,0
Prodigy: The Graphic Novel (Legend: The Graphic Novel #2),9707989a439757b4,3,£43.63,3,0
Quiet: The Power of Introverts in a World That Can't Stop Talking,3c565df219ba3274,3,£43.55,1,0
Ready Player One,2ef5dc7e278e562a,3,£19.07,4,0
Red: The True Story of Red Riding Hood,4c8ece50736f9e88,3,£28.54,3,0
Reservations for Two,ecdf73ee66c33b17,3,£11.10,3,0
Rework,8e9dd8431170c09e,3,£44.88,2,0
"Rise of the Rocket Girls: The Women Who Propelled Us, from Missiles to the Moon to Mars",89cad3f37c9ce226,3,£41.67,4,0
Rogue Lawyer (Rogue Lawyer #1),b4f5672f68ec3a83,3,£50.11,3,0
Running with Scissors,28921443f052bea6,3,£12.91,4,0
"Saga, Volume 3 (Saga (Collected Editions) #3)",7b870bf85d01c2dc,3,£21.57,5,0
Sarah's Key,5b2cd5b31a510848,3,£46.29,1,0
Scarlet (The Lunar Chronicles #2),510832818edb6fbc,3,£14.57,4,0
Seven Brief Lessons on Physics,281a244ce1954711,3,£30.60,4,0
Lady Renegades (Rebel Belle #3),16e843e6b853cc2f,3,£53.04,5,0
"Lamb: The Gospel According to Biff, Christ's Childhood Pal",190fbebbf798c31a,3,£55.50,5,0
Legend (Legend #1),0ce8075fab4a2b5b,3,£43.69,4,0
Letter to a Christian Nation,1de75f05d57bfc10,3,£22.20,1,0
Life After Life,4ec53ff7e2263f32,3,£26.13,2,0
Life Without a Recipe,c53d9fefcda371e9,3,£59.04,5,0
"Life, the Universe and Everything (Hitchhiker's Guide to the Galaxy #3)",4b3f4f151c99f472,3,£33.26,2,0
Lila (Gilead #3),4ef75307fb64e2a,3,£12.47,3,0
Lust & Wonder,0dcadb06206abd3c,3,£11.87,2,0
Manuscript Found in Accra,546da23278482b0a,3,£34.98,2,0
Me Talk Pretty One Day,abc4a7ee16c21088,3,£57.60,2,0
Midnight Riot (Peter Grant/ Rivers of London - books #1),e9056f9b5a40a301,3,£55.46,2,0
"Miracles from Heaven: A Little Girl, Her Journey to Heaven, and Her Amazing Story of Healing",7980fa06f2b704d8,3,£57.83,1,0
Morning Star (Red Rising #3),7ce5a92baabb6bc0,3,£29.40,1,0
Naked,54aeeb4610d3ae08,3,£31.69,3,0
The Cat in the Hat (Beginner Books B-1),b7f475238ed50429,3,£16.26,2,0
Golden (Heart of Dread #3),984b3b6e7479b571,3,£42.21,4,0
Gone Girl,5c588b6f9c015e4,3,£37.60,5,0
Gratitude,c300cc9326592b65,3,£26.66,5,0
"Grayson, Vol 3: Nemesis (Grayson #3)",4f6985aca357ae09,3,£42.72,1,0
Green Eggs and Ham (Beginner Books B-16),621e2c310cec8d32,3,£10.79,4,0
Heir to the Sky,b003f8bb02f76dc5,3,£44.07,4,0
Holidays on Ice,0cb4856be3694a57,3,£51.07,2,0
"Lean In: Women, Work, and the Will to Lead",5e1a9bfe22bbf9f,3,£25.02,1,0
Let's Pretend This Never Happened: A Mostly True Memoir,1246e4ffeb5ac4ea,3,£45.11,1,0
House of Leaves,557c03c284be1bf2,3,£54.89,1,0
"House of Lost Worlds: Dinosaurs, Dynasties, and the Story of Life on Earth",1812b8f5641287e3,3,£43.70,2,0
Hungry Girl Clean & Hungry: Easy All-Natural Recipes for Healthy Eating in the Real World,6c4d17a46cac8787,3,£33.14,3,0
I Am Malala: The Girl Who Stood Up for Education and Was Shot by the Taliban,8010c7c148057fd3,3,£28.88,2,0
I've Got Your Number,6b32b561dab8036c,3,£19.69,1,0
Inferno (Robert Langdon #4),6c4646d90b60a56c,3,£41.00,5,0
Into the Wild,a7c3f1010d64799a,3,£56.70,5,0
Cosmos,be33cf29ef1623,3,£36.17,2,0
Counting Thyme,157f693d9e600ccc,3,£10.62,1,0
If I Run (If I Run #1),61569d12d4ae7161,3,£49.97,4,0
"In the Garden of Beasts: Love, Terror, and an American Family in Hitler's Berlin",8292cd5f1aca291,3,£28.85,3,0
Crazy Rich Asians (Crazy Rich Asians #1),c9782ad2a0ed9331,3,£49.13,5,0
Dark Places,66937c669c4da072,3,£23.90,5,0
"David and Goliath: Underdogs, Misfits, and the Art of Battling Giants",234ddecef49ef4e,3,£17.81,1,0
Do Androids Dream of Electric Sheep? (Blade Runner #1),98330e431e56a9ea,3,£51.48,1,0
Disrupted: My Misadventure in the Start-Up Bubble,81372abc86f65c79,3,£15.28,5,0
Dracula,a7ec599c1a547746,3,£52.62,3,0
Dune (Dune #1),36d5884d44484277,3,£54.86,1,0
Eclipse (Twilight #3),73f71f9556442117,3,£18.74,1,0
Extreme Prey (Lucas Davenport #26),588ba85ff11a3263,3,£25.40,3,0
Eragon (The Inheritance Cycle #1),b843f52a986a2914,3,£43.87,3,0
Fellside,147019cae600694e,3,£38.62,1,0
Fifty Shades Freed (Fifty Shades #3),ed813a848580ba50,3,£15.36,5,0
Fire Bound (Sea Haven/Sisters of the Heart #5),2ed3a794a70aa85f,3,£21.28,4,0
Are We There Yet?,ef9c4f2465513956,3,£10.66,3,0
Civilization and Its Discontents,396385e3de5d18c3,3,£59.95,2,0
Are We Smart Enough to Know How Smart Animals Are?,a0349a87c8caa2f,3,£56.58,1,0
Ash,5d22e2a46604b6e7,3,£22.06,4,0
Awkward,1d89a2aa9f6ce50f,3,£38.02,2,0
Beowulf,3fb69f34e178d494,3,£38.35,2,0
Beautiful Creatures (Caster Chronicles #1),5439bae708bca198,3,£21.55,5,0
Best of My Love (Fool's Gold #20),67dea6c75d6a1075,3,£27.41,2,0
Horrible Bear!,cc1ac978a6835ef6,3,£37.52,2,0
Between Shades of Gray,155e42df837ee5ff,3,£20.79,5,0
Darkfever (Fever #1),468bd274ac084bb9,3,£56.02,1,0
Big Little Lies,3f9c4539c0caa64,3,£22.11,1,0
Black Flags: The Rise of ISIS,860318b8e244f39c,3,£40.87,1,0
"Black Butler, Vol. 1 (Black Butler #1)",15f415d436888b2,3,£49.31,1,0
Blink: The Power of Thinking Without Thinking,0bbc48294707ba96,3,£21.74,5,0
Girl Online On Tour (Girl Online #2),97b8f130d32e9f4e,2,£53.47,1,0
Kindle Paperwhite User's Guide,fb495f9f9015a772,2,£34.00,3,0
H is for Hawk,b6d3f4f4ee1f6069,2,£57.42,5,0
Brave Enough,fd2337c1b73b686e,3,£51.32,5,0
New Moon (Twilight #2),6fa3ea52c8e31e06,2,£12.86,4,0
Life,637e5a45062aa548,2,£31.58,5,0
"Saga, Volume 2 (Saga (Collected Editions) #2)",9189fd009df41d0e,2,£11.75,3,0
"Run, Spot, Run: The Ethics of Keeping Pets",b0e479be03911916,2,£20.02,1,0
Sugar Rush (Offensive Line #2),ce42e3de94226b2b,2,£24.42,1,0
Dead Wake: The Last Crossing of the Lusitania,04d858cdeeee0da4,3,£39.24,5,0
The Course of Love,f3c76b53b239f511,2,£16.78,3,0
The Sense of an Ending,4130678275eb7c8c,2,£31.38,3,0
"The Sandman, Vol. 2: The Doll's House (The Sandman (volumes) #2)",276dc716b1da8899,2,£54.81,1,0
"The Suffragettes (Little Black Classics, #96)",2185b65af52d68c,2,£11.89,2,0
A Heartbreaking Work of Staggering Genius,c9770bb1d5a492a0,3,£54.29,5,0
A Storm of Swords (A Song of Ice and Fire #3),87beabf664115d79,3,£31.22,2,0
The Selfish Gene,6f2c0a9adbb2bca9,1,£29.45,1,0
8 Keys to Mental Health Through Exercise,f5873c8fc7760000,3,£31.04,1,0
The Story of Hong Gildong,32d035df92ab9080,1,£43.19,4,0
The Silent Twin (Detective Jennifer Knight #3),9e9932ae1a7d0943,1,£36.25,3,0
The Silent Wife,b78deb463531d078,1,£12.34,5,0
The Tumor,6514add13c82b115,1,£41.56,5,0
"The Wicked + The Divine, Vol. 1: The Faust Act (The Wicked + The Divine)",ac9d1e654fac737,1,£36.52,2,0
This One Moment (Pushing Limits #1),6d98d3508c30f57,1,£48.71,1,0
The Zombie Room,9c96cd1329fbd82,1,£19.69,5,0
Three Wishes (River of Time: California #1),460f97a346b44bac,1,£44.18,2,0
Travels with Charley: In Search of America,0268f149d014b389,1,£57.82,5,0
Twenty Love Poems and a Song of Despair,e63c3f25338baf9a,1,£30.95,4,0
Boy Meets Boy,8e0bc2fe4e7d35b5,3,£21.12,3,0
"Vampire Knight, Vol. 1 (Vampire Knight #1)",e7e87087b1a44711,1,£15.40,1,0
Vampire Girl (Vampire Girl #1),ab5e75d1339706a,1,£53.82,2,0
The Communist Manifesto,18b4545a5ed15581,1,£14.76,3,0
#GIRLBOSS,165affa7adb5ede,3,£50.96,1,0
The Complete Maus (Maus #1-2),3301af038a720587,1,£10.64,3,0
"Born to Run: A Hidden Tribe, Superathletes, and the Greatest Race the World Has Never Seen",e256de8aa0c2115f,3,£27.35,2,0
The Girl You Lost,4280ac3eab57aa5,1,£12.29,5,0
The Haters,fff8a057a40c4a60,1,£27.89,5,0
The Last Girl (The Dominion Trilogy #1),16c71736dae78764,1,£36.26,2,0
The Iliad,86d8bd7afa5b51b3,1,£16.16,1,0
The Edge of Reason (Bridget Jones #2),29fc016c459aeb14,1,£19.18,4,0
The Girl In The Ice (DCI Erika Foster #1),ee61197edb882599,1,£15.85,3,0
The Light of the Fireflies,04e43893e32f9d29,1,£54.43,1,0
The Little Prince,1aeca7d078d57deb,1,£45.42,2,0
The Hook Up (Game On #1),6e473eff459e809f,1,£36.29,5,0
The End of the Jesus Era (An Investigation #1),09659d1639a1f978,1,£14.40,1,0
The Mirror & the Maze (The Wrath and the Dawn #1.5),c40b70e0f6d80189,1,£29.38,1,0
The Name of the Wind (The Kingkiller Chronicle #1),c8614adb1a90b027,1,£50.59,3,0
The Nicomachean Ethics,5c10b64db3e4f228,1,£36.34,1,0
The No. 1 Ladies' Detective Agency (No. 1 Ladies' Detective Agency #1),b0913e67d38d5ed5,1,£57.70,4,0
The Bhagavad Gita,f3a0b8c835129558,1,£57.49,3,0
The Odyssey,f0512adadffd2480,1,£29.64,3,0
One Second (Seven #7),7ea31f38675b91c1,1,£52.94,2,0
"Ouran High School Host Club, Vol. 1 (Ouran High School Host Club #1)",326825e02a198cf6,1,£29.87,3,0
Origins (Alphas 0.5),8932e5c12f12ffe,1,£28.99,1,0
"Paper Girls, Vol. 1 (Paper Girls #1-5)",bcbcbcf0f6ed196f,1,£21.71,4,0
Paradise Lost (Paradise #1),849db7ab7f4a640c,1,£24.96,1,0
"Rat Queens, Vol. 1: Sass & Sorcery (Rat Queens (Collected Editions) #1-5)",3cdca3b4a93980f5,1,£46.96,5,0
"Saga, Volume 1 (Saga (Collected Editions) #1)",4f64568dfefa3ce7,1,£28.48,1,0
Sense and Sensibility,35e44170702139a4,1,£37.46,1,0
Settling the Score (The Summer Games #1),132adf7335bb384a,1,£44.91,2,0
Shadow Rites (Jane Yellowrock #10),229cd6564bf0dce4,1,£21.72,4,0
Shameless,c068c013d6921fea,1,£58.35,3,0
Shatter Me (Shatter Me #1),9ed7090d8fa690b0,1,£42.40,1,0
Sister Sable (The Mad Queen #1),3a9a7c5895e82646,1,£13.33,3,0
"Skip Beat!, Vol. 01 (Skip Beat! #1)",2ac720f76384c57e,1,£42.12,3,0
Starlark,e25164e5b3fe208b,1,£25.83,3,0
"Rhythm, Chord & Malykhin",9efb397067eb7e8a,1,£28.34,2,0
Taking Shots (Assassins #1),a7eef9d6795422c1,1,£18.88,2,0
The Art of Not Breathing,5bc1fbccfbf2355c,1,£40.83,4,0
The Bette Davis Club,fb0849016bc122c,1,£30.66,3,0
On the Road (Duluoz Legend),9ff997ab15713e53,1,£32.36,3,0
"Fruits Basket, Vol. 1 (Fruits Basket #1)",72e6fbf4f6382557,1,£40.28,5,0
Having the Barbarian's Baby (Ice Planet Barbarians #7.5),6717a70913b3db79,1,£34.96,4,0
"Giant Days, Vol. 1 (Giant Days #1-4)",eb0fe24bbc845ecc,1,£56.76,4,0
"Hawkeye, Vol. 1: My Life as a Weapon (Hawkeye #1)",6fe02600f322a0a9,1,£45.24,3,0
Imperfect Harmony,f28f7299d38c0932,1,£34.74,4,0
Icing (Aces Hockey #2),3455b45888fb5053,1,£40.44,4,0
Kitchens of the Great Midwest,06f6a57a6d532844,1,£57.20,5,0
Listen to Me (Fusion #1),6e712ea24e77bd96,1,£58.99,3,0
Lost Among the Living,510567580c8be52,1,£27.70,4,0
Lord of the Flies,71a6471bbdac21d9,1,£24.89,3,0
Matilda,1053fb7ee17a1f33,1,£28.34,1,0
Meditations,4f19709e47883df5,1,£25.89,2,0
"Ms. Marvel, Vol. 1: No Normal (Ms. Marvel (2014-2015) #1)",35a60467893aa168,1,£39.39,4,0
Myriad (Prentor #1),63e20a0f98218a87,1,£58.75,4,0
My Perfect Mistake (Over the Top #1),fd78f89878479f56,1,£38.92,2,0
Off Sides (Off #1),b6f1cfadc4dd79d4,1,£39.45,5,0
Of Mice and Men,39592d9d72e717c4,1,£47.11,2,0
Old Records Never Die: One Man's Quest for His Vinyl and His Past,a1985630339f4b3,1,£55.66,2,0
1st to Die (Women's Murder Club #1),f684a82adc49f011,1,£53.98,1,0
"1,000 Places to See Before You Die",228ba5e7577e1d49,1,£26.08,5,0
A Spy's Devotion (The Regency Spies of London #1),19fec36a1dfb4c16,1,£16.97,5,0
"Ajin: Demi-Human, Volume 1 (Ajin: Demi-Human #1)",bfd5e1701c862ac3,1,£57.06,4,0
Alice in Wonderland (Alice's Adventures in Wonderland #1),cd2a2a70dd5d176,1,£55.53,1,0
Beyond Good and Evil,08672cd59171d5e4,1,£43.38,1,0
Jane Eyre,8d390a1fc3133d06,1,£38.43,5,0
"Bleach, Vol. 1: Strawberry and the Soul Reapers (Bleach #1)",099fae4a0705d63b,1,£34.65,5,0
Blood Defense (Samantha Brinkman #1),95cdfd514098c38b,1,£20.30,3,0
Bounty (Colorado Mountain #7),abc0b15f2c907ff0,1,£37.26,4,0
Bright Lines,230ac636ea0ea415,1,£39.07,5,0
Bridget Jones's Diary (Bridget Jones #1),a2b4b685dfa94733,1,£29.82,1,0
Charlie and the Chocolate Factory (Charlie Bucket #1),1774749f2cee292f,1,£22.85,3,0
Charity's Cross (Charles Towne Belles #4),a96404cb928895f3,1,£41.24,1,0
Deep Under (Walker Security #1),0072b94dfa30608e,1,£47.09,5,0
Emma,2e69730561ed70a,1,£32.93,2,0
Forever Rockers (The Rocker #12),e564c3f1a93ccf2e,1,£28.80,3,0
Fighting Fate (Fighting #6),6390772a3094939,1,£39.24,3,0
Frankenstein,a492f49a3e2b6a71,1,£38.00,2,0
The Republic,0ec9d2b018fb10d8,1,£33.78,3,0
Choosing Our Religion: The Spiritual Lives of America's Nones,a812f6969ddf3e39,1,£28.42,4,0
"The Sandman, Vol. 1: Preludes and Nocturnes (The Sandman (volumes) #1)",5faefdc861684eb1,1,£54.12,3,0
The Secret Healer,38f776ab9118aed7,1,£34.56,3,0
"Eat, Pray, Love",f56868afd166557,1,£51.32,3,0
Ways of Seeing,66a4e422b212726a,1,£39.51,5,0
When I'm Gone,c5f91eb481427dc5,1,£51.96,3,0
Where Lightning Strikes (Bleeding Stars #3),ef389ddfda6991b,1,£39.77,3,0
"Y: The Last Man, Vol. 1: Unmanned (Y: The Last Man #1)",09d26b5f819c6a36,1,£18.51,4,0
Diary of a Minecraft Zombie Book 1: A Scare of a Dare (An Unofficial Minecraft Book),7b463918d3b8c39,2,£52.88,4,0
"Fruits Basket, Vol. 2 (Fruits Basket #2)",c0db71f6bb14db11,2,£11.64,5,0
A Visit from the Goon Squad,5dbd6ec4e154ad2f,3,£14.08,5,0
A Walk in the Woods: Rediscovering America on the Appalachian Trail,bcee4f289ff6699c,3,£30.48,4,0
And Then There Were None,cfe350b20d23b02b,3,£35.01,2,0
Annie on My Mind,7bf87402413c27ff,3,£36.83,5,0
Breaking Dawn (Twilight #4),bbfc4a3b7b6c94a0,3,£35.28,5,0
Career of Evil (Cormoran Strike #3),b461cf238506c5b8,3,£24.72,2,0
Catastrophic Happiness: Finding Joy in Childhood's Messy Years,ef49db2aaa9bb547,3,£37.35,2,0
Cinder (The Lunar Chronicles #1),7e9579921e5407cb,3,£26.09,1,0
"Friday Night Lights: A Town, a Team, and a Dream",a9aa3ed5b316470b,3,£51.22,3,0
"Fruits Basket, Vol. 3 (Fruits Basket #3)",5f5a122a593b580,3,£45.17,2,0
Girl in the Blue Coat,41fc5dce044f16f5,3,£46.83,2,0
Is Everyone Hanging Out Without Me? (And Other Concerns),034829ffdd0a0aea,3,£20.11,3,0
It's Never Too Late to Begin Again: Discovering Creativity and Meaning at Midlife and Beyond,4a29356fc992879,3,£42.38,1,0
Jurassic Park (Jurassic Park #1),a0dd11f6abc421ec,3,£44.97,1,0
Neither Here nor There: Travels in Europe,747cf7fca2ccdbd4,3,£38.95,3,0
Night (The Night Trilogy #1),c4d9fce9eff3b8ba,3,£13.51,1,0
Notes from a Small Island (Notes From a Small Island #1),cb65e49993db9a93,3,£40.17,1,0
While You Were Mine,8ceb5c6aed2c5f8b,1,£41.32,5,0
Seven Days in the Art World,07806456878931bc,3,£52.33,2,0
The Complete Stories and Poems (The Works of Edgar Allan Poe [Cameo Edition]),cad70d6ffd53912f,3,£26.78,4,0
The Cuckoo's Calling (Cormoran Strike #1),1be6d3b121865edb,3,£19.21,1,0
The Husband's Secret,ff6bb30dd0c482a6,3,£52.51,5,0
The Da Vinci Code (Robert Langdon #2),abf11918b48b40c,3,£22.96,2,0
The Infinities,554e9e2d532b3a87,3,£27.41,1,0
"The Land of 10,000 Madonnas",35e69a79d2b1e804,3,£29.64,4,0
The Rose & the Dagger (The Wrath and the Dawn #2),322a9e34d87f54b1,3,£58.64,4,0
The Lean Startup: How Today's Entrepreneurs Use Continuous Innovation to Create Radically Successful Businesses,70c7c3ca7f9b2728,3,£33.92,3,0
"The Sandman, Vol. 3: Dream Country (The Sandman (volumes) #3)",91eb9605998a7c03,3,£55.55,5,0
Very Good Lives: The Fringe Benefits of Failure and the Importance of Imagination,52aa3d79b1cee455,3,£50.66,3,0
The Silkworm (Cormoran Strike #2),f06039c29b5891fa,3,£23.05,5,0
Vegan Vegetarian Omnivore: Dinner for Everyone at the Table,4672d10b9b1e7a05,3,£13.66,2,0
Voyager (Outlander #3),7feac4000cbc5859,3,£21.07,5,0
The Last Painting of Sara de Vos,476c7972e9b41891,3,£55.55,2,0
Confessions of a Shopaholic (Shopaholic #1),a2dc754afb69bb32,4,£48.94,2,0
Dark Lover (Black Dagger Brotherhood #1),2b69d289279aabf,4,£12.87,1,0
Far From True (Promise Falls Trilogy #2),ad15a9a139919918,4,£34.93,2,0
Vogue Colors A to Z: A Fashion Coloring Book,a8f4577a48023344,4,£52.35,4,0
A Feast for Crows (A Song of Ice and Fire #4),f2c8f4b4c94d5c5c,5,£17.21,4,0
A Clash of Kings (A Song of Ice and Fire #2),89a89e76f3516357,5,£10.79,3,0
A Game of Thrones (A Song of Ice and Fire #1),03cbb67c0f990d87,5,£46.42,2,0
A Girl's Guide to Moving On (New Beginnings #2),cf3b86489890b9f2,5,£31.30,1,0
Alight (The Generations Trilogy #2),9290e99f189ce84,5,£58.59,4,0
